,City,Cloudiness,Country,Date,Humidity,Lat,Lng,Max Temp,Wind Speed
0,aklavik,90,CA,1540947600,85,68.22,-135.01,263.15,3.6
1,cape town,40,ZA,1540944000,81,-33.93,18.42,282.15,0.5
2,jamestown,0,AU,1540948857,36,-33.21,138.6,301.03,5.3
3,hilo,1,US,1540947360,51,19.71,-155.08,303.75,6.7
4,bethel,90,US,1540947180,92,60.79,-161.76,277.55,4.1
5,qaanaaq,8,GL,1540949068,100,77.48,-69.36,256.83,3.3
6,ust-kuyga,80,RU,1540949068,88,70,135.55,268.555,5.1
7,yellowknife,90,CA,1540947600,86,62.45,-114.38,271.15,4.6
8,ancud,92,CL,1540949068,96,-41.87,-73.83,281.88,2.2
9,achisay,,,,,,,,
10,omboue,92,GA,1540949348,100,-1.57,9.26,299.455,4.45
11,sentyabrskiy,,,,,,,,
12,pisco,20,PE,1540947600,82,-13.71,-76.2,291.15,7.2
13,inhambane,0,MZ,1540949348,92,-23.87,35.38,295.705,6.45
14,ust-kan,24,RU,1540949349,71,50.93,84.77,264.305,0.75
15,bluff,92,AU,1540949349,99,-23.58,149.07,294.455,7.05
16,punta arenas,40,CL,1540947600,86,-53.16,-70.91,278.15,1.5
17,vaini,0,IN,1540949052,61,15.34,74.49,289.28,1.85
18,tiksi,44,RU,1540949351,86,71.64,128.87,266.53,5.1
19,nicoya,0,CR,1540947600,74,10.15,-85.45,300.15,3.6
20,khudumelapye,100,BW,1540949351,28,-23.91,24.95,297.48,2.85
21,rikitea,100,PF,1540949351,100,-23.12,-134.97,293.93,9.6
22,new norfolk,40,AU,1540947600,77,-42.78,147.06,287.15,2.1
23,port elizabeth,1,US,1540947360,95,39.31,-74.98,284.25,2.55
24,hobyo,32,SO,1540949352,90,5.35,48.53,298.23,5.65
25,fortuna,75,ES,1540947600,87,38.18,-1.13,286.15,2.6
26,venancio aires,64,BR,1540949353,95,-29.61,-52.19,291.83,0.5
27,alexandria,90,US,1540947300,73,31.31,-92.44,295.35,2.1
28,longyearbyen,90,NO,1540947000,86,78.22,15.63,272.15,0.9
29,esperance,40,TT,1540947600,100,10.24,-61.45,299.15,2.1
30,namibe,20,AO,1540949355,99,-15.19,12.15,297.105,4.35
31,twin falls,1,US,1540947180,69,42.57,-114.46,279.85,4.1
32,lagoa,20,PT,1540947600,87,37.14,-8.45,283.15,3.1
33,luganville,76,VU,1540949355,100,-15.51,167.18,297.93,5.2
34,busselton,8,AU,1540949356,100,-33.64,115.35,287.58,6
35,taolanaro,,,,,,,,
36,laguna,90,MX,1540946820,74,27.52,-110.01,299.15,2.1
37,vila,75,IT,1540947000,81,45.18,8.4,283.15,3.6
38,goba,44,ET,1540949357,90,7.01,39.97,281.855,0.6
39,maturin,68,VE,1540949358,74,9.75,-63.18,301.08,3.55
40,dikson,48,RU,1540949358,100,73.51,80.55,269.605,5.55
41,kingston,5,CA,1540947600,100,44.23,-76.48,275.15,1
42,kudahuvadhoo,92,MV,1540949359,100,2.67,72.89,298.88,9.15
43,cabo rojo,90,PR,1540947000,100,18.09,-67.15,298.15,2.6
44,ushuaia,92,AR,1540949359,73,-54.81,-68.31,277.83,4.95
45,mataura,20,NZ,1540949360,64,-46.19,168.86,287.555,7.45
46,sola,75,NO,1540947000,93,58.89,5.65,279.15,1.5
47,rawson,44,AR,1540949360,49,-43.3,-65.11,284.48,8.85
48,torbay,90,CA,1540947600,100,47.66,-52.73,286.15,4.6
49,severo-kurilsk,24,RU,1540949361,100,50.68,156.12,278.68,2.2
50,bredasdorp,92,ZA,1540947600,76,-34.53,20.04,283.15,2.6
51,georgetown,0,GY,1540947600,94,6.8,-58.16,299.15,2.1
52,peque,92,CO,1540949363,94,7.02,-75.91,292.08,0.5
53,bambous virieux,75,MU,1540947600,88,-20.34,57.76,297.15,5.1
54,aflu,,,,,,,,
55,kapaa,75,US,1540947360,69,22.08,-159.32,300.95,1.5
56,saldanha,48,PT,1540949364,100,41.42,-6.55,277.055,1
57,albany,1,US,1540947240,62,42.65,-73.75,277.55,2.1
58,chunoyar,88,RU,1540949101,96,57.45,97.32,271.83,1.6
59,komsomolskiy,88,RU,1540949293,87,67.55,63.78,263.68,9.3
60,canutama,32,BR,1540949365,92,-6.53,-64.38,297.63,1.15
61,shaoguan,0,CN,1540949365,47,24.81,113.59,288.93,3.5
62,udachnyy,56,RU,1540949366,75,66.42,112.4,261.555,1.3
63,cockburn town,48,TC,1540949366,100,21.46,-71.14,299.68,6.6
64,boyuibe,56,BO,1540949367,54,-20.43,-63.28,301.73,8.25
65,kapoeta,,,,,,,,
66,richards bay,76,ZA,1540949367,73,-28.77,32.06,293.555,6.3
67,yabassi,75,CM,1540947600,100,4.46,9.97,296.15,1.7
68,kodinsk,80,RU,1540949368,91,58.6,99.18,271.93,1.6
69,carnarvon,0,ZA,1540949133,57,-30.97,22.13,278.38,5.65
70,caravelas,92,BR,1540949369,100,-17.73,-39.27,297.455,8.15
71,fort nelson,75,CA,1540947600,85,58.81,-122.69,273.15,1
72,makat,0,KZ,1540949369,75,47.65,53.35,274.03,6.6
73,saleaula,,,,,,,,
74,asau,,,,,,,,
75,bennettsville,1,US,1540947360,93,34.62,-79.68,284.55,1.75
76,tsumeb,36,NA,1540949370,47,-19.25,17.72,291.18,1.25
77,nizhneyansk,,,,,,,,
78,atuona,0,PF,1540949215,100,-9.8,-139.03,300.305,5.65
79,butaritari,68,KI,1540949371,100,3.07,172.79,302.63,4
80,souillac,0,FR,1540947600,81,45.6,-0.6,281.15,1
81,illoqqortoormiut,,,,,,,,
82,geraldton,90,CA,1540947840,100,49.72,-86.95,274.15,2.1
83,east london,12,ZA,1540949372,100,-33.02,27.91,290.43,11.8
84,tuktoyaktuk,75,CA,1540947600,92,69.44,-133.03,264.15,5.1
85,castro,0,CL,1540949082,97,-42.48,-73.76,280.48,2.3
86,hermanus,76,ZA,1540949374,77,-34.42,19.24,283.93,0.85
87,andenes,,,,,,,,
88,kodiak,90,US,1540947180,79,39.95,-94.76,284.85,5.1
89,suihua,80,CN,1540949375,79,46.64,126.99,272.205,2.5
90,puri,24,ID,1540949375,80,-7.54,112.45,295.805,2.3
91,nikolskoye,90,RU,1540945800,69,59.7,30.79,275.15,6
92,kaitangata,0,NZ,1540949376,74,-46.28,169.85,286.03,2.5
93,chuka,80,KE,1540949376,88,-0.33,37.65,292.28,1.35
94,lebu,0,ET,1540944000,62,8.96,38.73,285.15,3.1
95,goulburn,0,AU,1540949377,56,-34.75,149.72,297.53,1.5
96,saint-philippe,75,CA,1540947600,74,45.36,-73.48,276.15,2.6
97,camacari,40,BR,1540947600,83,-12.7,-38.32,300.15,4.6
98,labuhan,20,ID,1540949378,72,-2.54,115.51,299.055,1.15
99,naftah,,,,,,,,
100,sorland,36,NO,1540949378,100,67.67,12.69,277.805,5.7
101,upernavik,76,GL,1540949378,100,72.79,-56.15,266.605,2.5
102,cherskiy,88,RU,1540949376,88,68.75,161.3,264.23,5.2
103,libreville,20,GA,1540947600,83,0.39,9.45,301.15,3.1
104,nyrob,88,RU,1540949379,84,60.74,56.73,273.43,5.65
105,dali,100,CN,1540949380,100,25.6,100.24,281.43,0.7
106,baykit,88,RU,1540949380,98,61.68,96.39,271.23,1.3
107,cidreira,12,BR,1540949380,79,-30.17,-50.22,295.03,7.8
108,sao joao da barra,92,BR,1540949381,100,-21.64,-41.05,296.855,6.8
109,tuatapere,0,NZ,1540949381,90,-46.13,167.69,285.055,9.45
110,hobart,40,AU,1540947600,61,-42.88,147.33,287.15,2.1
111,thompson,90,CA,1540947600,92,55.74,-97.86,270.15,6.7
112,gorno-chuyskiy,,,,,,,,
113,tateyama,75,JP,1540944000,76,36.66,137.31,285.15,1.5
114,cachipay,8,CO,1540949383,85,2.22,-76.07,285.855,0.8
115,ponta delgada,20,PT,1540947600,82,37.73,-25.67,291.15,5.7
116,leningradskiy,32,RU,1540949383,100,69.38,178.42,264.88,3.75
117,merauke,32,ID,1540949384,81,-8.49,140.4,302.88,3.65
118,khandyga,80,RU,1540949287,96,62.65,135.58,263.805,1.3
119,deniliquin,0,AU,1540949384,49,-35.53,144.96,298.88,2.05
120,attawapiskat,,,,,,,,
121,puerto ayora,0,EC,1540944000,73,-0.74,-90.35,297.15,7.7
122,victoria,75,BN,1540947600,94,5.28,115.24,303.15,3.1
123,tessalit,92,ML,1540949132,35,20.2,1.01,298.455,4.9
124,lorengau,12,PG,1540949386,92,-2.02,147.27,303.455,2.25
125,hithadhoo,100,MV,1540949386,100,-0.6,73.08,298.03,8.55
126,ilulissat,32,GL,1540947000,60,69.22,-51.1,261.15,6.7
127,yumen,0,CN,1540949387,56,40.29,97.04,271.355,5.15
128,yantongshan,0,CN,1540949387,85,43.28,126.02,272.43,3.25
129,dharchula,0,IN,1540949387,54,29.85,80.53,276.805,0.85
130,solvychegodsk,56,RU,1540949388,92,61.33,46.92,266.18,3.1
131,grand river south east,,,,,,,,
132,verkhoturye,88,RU,1540949388,67,58.86,60.81,268.105,1.05
133,hofn,92,IS,1540949389,100,64.25,-15.21,279.055,11.7
134,luderitz,0,NA,1540947600,51,-26.65,15.16,288.15,10.3
135,port alfred,68,ZA,1540949149,89,-33.59,26.89,288.73,9.2
136,ruatoria,,,,,,,,
137,emerald,56,AU,1540949390,74,-23.53,148.16,297.03,5.8
138,mar del plata,44,AR,1540949390,48,-46.43,-67.52,283.055,2.55
139,nome,1,US,1540947300,78,30.04,-94.42,296.45,1.5
140,banda aceh,0,ID,1540949391,99,5.56,95.32,296.105,0.95
141,faanui,8,PF,1540949391,100,-16.48,-151.75,299.98,1.15
142,kisanga,0,CD,1540949391,69,-11.72,27.4,288.455,1.1
143,talnakh,8,RU,1540949392,67,69.49,88.39,256.73,1.15
144,sobolevo,92,RU,1540949392,98,54.43,31.9,277.48,8.05
145,mahebourg,75,MU,1540947600,88,-20.41,57.7,297.15,5.1
146,trinidad,12,UY,1540949135,98,-33.52,-56.9,290.08,1.4
147,bengkulu,,,,,,,,
148,mobo,0,PH,1540949393,90,12.34,123.66,302.055,4
149,leo,88,BF,1540949394,93,11.1,-2.1,295.705,2.85
150,yichang,0,CN,1540949394,68,30.77,111.32,283.555,1.5
151,toora-khem,48,RU,1540949394,65,52.47,96.11,274.43,1.9
152,hopkinsville,1,US,1540947360,65,36.87,-87.49,293.05,3.6
153,karanja,0,IN,1540949395,86,20.48,77.49,288.78,1.25
154,rio gallegos,40,AR,1540947600,52,-51.62,-69.22,280.15,3.1
155,ayagoz,92,KZ,1540949396,86,47.96,80.43,270.305,5.05
156,tsogni,100,GA,1540949396,100,-2.79,10.1,299.03,4.6
157,constitucion,5,MX,1540946760,37,23.99,-104.67,292.15,3.1
158,khatanga,36,RU,1540949396,90,71.98,102.47,256.38,4.35
159,murgab,75,TM,1540944000,87,37.5,61.97,283.15,3.1
160,guadalupe y calvo,44,MX,1540949397,39,26.09,-106.96,290.305,1.2
161,newport,0,GB,1540947000,80,51.59,-3,277.15,2.1
162,harper,1,US,1540947300,77,30.3,-99.24,295.95,2.1
163,barentsburg,,,,,,,,
164,gamba,0,CN,1540949399,51,28.28,88.52,251.305,0.75
165,san policarpo,0,PH,1540949399,91,12.18,125.51,301.73,3.9
166,impfondo,68,CD,1540949400,96,1.62,18.06,296.73,1.05
167,new bern,1,US,1540949100,86,35.11,-77.04,284.25,1.2
168,coquimbo,40,CL,1540947600,93,-29.95,-71.34,286.15,3.45
169,grindavik,0,IS,1540947600,100,63.84,-22.43,273.15,3.1
170,sri aman,40,MY,1540947600,88,1.24,111.46,300.15,1
171,charters towers,0,AU,1540949401,74,-20.07,146.27,302.124,4.82
172,saint anthony,1,US,1540947360,42,43.97,-111.68,278.15,1.95
173,mount isa,0,AU,1540947600,13,-20.73,139.49,311.15,4.1
174,leku,12,ET,1540949403,88,6.87,38.44,284.549,2.17
175,burnie,0,AU,1540949473,95,-41.05,145.91,287.499,2.57
176,mugumu,20,TZ,1540949404,86,-1.84,34.67,288.649,1.97
177,barrow,24,AR,1540949405,95,-38.31,-60.23,286.274,3.17
178,tsihombe,,,,,,,,
179,provideniya,90,RU,1540945800,100,64.42,-173.23,273.15,4
180,najran,75,SA,1540947600,77,17.54,44.22,293.15,4.1
181,rockland,1,US,1540948500,100,42.13,-70.92,279.85,1.5
182,chicama,75,PE,1540947600,88,-7.84,-79.15,291.15,4.6
183,korla,,,,,,,,
184,hualmay,20,PE,1540949409,93,-11.1,-77.61,288.749,2.22
185,tubruq,,,,,,,,
186,ormara,0,PK,1540949410,90,25.21,64.64,297.299,2.12
187,avera,1,US,1540947300,92,33.19,-82.53,290.35,3.07
188,biak,0,ID,1540949412,73,-0.91,122.88,303.774,1.52
189,ishigaki,75,JP,1540944000,100,24.34,124.16,295.15,9.3
190,manggar,64,ID,1540949412,76,-2.88,108.27,304.174,1.82
191,sakakah,,,,,,,,
192,ornskoldsvik,92,SE,1540947000,93,63.29,18.72,278.15,5.1
193,aljezur,92,PT,1540949413,100,37.31,-8.8,289.049,8.82
194,ribeira grande,92,PT,1540949393,100,38.52,-28.7,293.23,6.35
195,meyungs,,,,,,,,
196,susanville,1,US,1540947300,31,40.42,-120.65,282.15,1.5
197,stornoway,,,,,,,,
198,bolungarvik,,,,,,,,
199,garowe,12,SO,1540949417,94,8.41,48.48,289.724,2.27
200,hamilton,75,CA,1540947600,93,43.26,-79.87,281.15,3.1
201,san andres,8,PH,1540949418,98,13.32,122.68,301.899,6.62
202,guerrero negro,24,MX,1540949419,100,27.97,-114.04,289.324,2.27
203,jinchengjiang,,,,,,,,
204,kavieng,80,PG,1540949133,99,-2.57,150.8,303.08,3.05
205,asyut,0,EG,1540944000,52,27.18,31.19,292.15,3.1
206,dudinka,12,RU,1540949420,88,69.41,86.18,255.124,0.97
207,clyde river,90,CA,1540947600,85,70.47,-68.59,263.15,6.7
208,klaksvik,92,FO,1540947000,80,62.23,-6.59,278.15,8.7
209,nakusp,88,CA,1540949421,85,50.24,-117.8,273.724,0.67
210,khor,12,RU,1540949421,94,47.88,134.96,277.474,1.87
211,bronnoysund,64,NO,1540947000,86,65.46,12.2,278.15,6.7
212,san luis,8,AR,1540949332,56,-33.3,-66.34,292.355,4.8
213,meadow lake,90,CA,1540944000,86,54.13,-108.44,276.15,1.02
214,okha,76,RU,1540949423,87,53.59,142.95,278.499,5.22
215,iqaluit,20,CA,1540947600,65,63.75,-68.52,259.15,2.6
216,ponta do sol,56,BR,1540949424,93,-20.63,-46,292.474,2.77
217,enid,90,US,1540947360,63,36.4,-97.88,287.15,4.6
218,lundazi,8,ZM,1540949424,63,-12.29,33.17,291.574,4.27
219,taoudenni,0,ML,1540949425,58,22.68,-3.98,285.999,1.52
220,papasquiaro,,,,,,,,
221,kadoma,0,ZW,1540949425,61,-18.34,29.91,286.649,2.12
222,tura,0,IN,1540949426,92,25.52,90.21,296.824,1.37
223,kiruna,88,SE,1540947000,92,67.86,20.23,265.15,0.5
224,puksoozero,56,RU,1540949426,90,62.59,40.61,262.674,4.22
225,guajara,0,BR,1540947600,83,-0.88,-48.16,299.15,4.6
226,vila franca do campo,20,PT,1540947600,82,37.72,-25.43,291.15,5.7
227,athabasca,0,CA,1540949427,83,54.72,-113.29,272.974,3.42
228,codrington,0,AU,1540949428,66,-28.95,153.24,300.299,1.52
229,belushya guba,,,,,,,,
230,qasigiannguit,48,GL,1540947000,60,68.82,-51.19,261.15,6.7
231,svetlogorsk,75,RU,1540945800,67,53.14,59.15,267.15,2
232,shihezi,24,CN,1540949430,94,44.3,86.03,275.224,1.77
233,ngama,,,,,,,,
234,andoain,0,ES,1540947600,87,43.22,-2.02,283.15,0.5
235,karasjok,75,NO,1540947000,79,69.47,25.52,269.15,13.9
236,mys shmidta,,,,,,,,
237,ler,40,NO,1540947000,65,63.2,10.3,280.15,12.9
238,dingle,48,PH,1540949433,80,11,122.67,302.324,3.57
239,auki,0,NG,1540949433,43,12.18,6.51,291.074,2.42
240,popondetta,20,PG,1540949434,67,-8.77,148.24,300.524,1.07
241,acapulco,20,MX,1540946820,78,16.86,-99.88,301.15,3.6
242,canoinhas,80,BR,1540949434,73,-26.18,-50.4,293.024,3.42
243,sitka,88,US,1540949435,44,37.17,-99.65,286.524,5.72
244,te anau,12,NZ,1540949435,80,-45.41,167.72,281.474,6.82
245,kuytun,76,RU,1540949436,65,54.34,101.51,277.424,1.42
246,bilibino,64,RU,1540949348,77,68.06,166.44,257.355,1.4
247,nanortalik,88,GL,1540949436,100,60.14,-45.24,272.224,2.87
248,bandarbeyla,24,SO,1540949437,100,9.49,50.81,298.624,5.57
249,tautira,75,PF,1540947600,78,-17.73,-149.15,299.15,3.6
250,neiafu,75,TO,1540947600,78,-18.65,-173.98,300.15,2.6
251,havoysund,0,NO,1540949438,100,71,24.66,269.974,7.62
252,burica,,,,,,,,
253,norman wells,75,CA,1540947600,85,65.28,-126.83,266.15,1
254,katsuura,75,JP,1540944000,62,33.93,134.5,287.15,2.6
255,lolua,,,,,,,,
256,vila velha,75,BR,1540947600,78,-3.71,-38.6,300.15,4.6
257,las vegas,20,US,1540947360,11,36.17,-115.15,295.45,8.7
258,rocha,76,UY,1540949440,87,-34.48,-54.34,290.499,1.22
259,karaidel,24,RU,1540949440,91,55.83,56.91,266.049,2.07
260,filadelfia,0,PY,1540949441,57,-22.35,-60.04,304.024,6.57
261,la sarre,80,CA,1540949441,94,48.8,-79.2,272.674,3.57
262,makaryev,0,RU,1540949441,78,57.88,43.81,258.274,1.47
263,vaitupu,,,,,,,,
264,jazzin,,,,,,,,
265,banepa,20,NP,1540947000,93,27.63,85.52,284.15,1
266,saint george,20,GR,1540947000,93,39.45,22.34,288.15,1.17
267,port macquarie,0,AU,1540947600,51,-31.43,152.91,302.15,3.6
268,bathsheba,20,BB,1540947600,83,13.22,-59.52,301.15,6.2
269,longhua,90,CN,1540944000,100,29.21,106.21,287.15,1
270,buraydah,0,SA,1540947600,51,26.33,43.97,289.15,2.1
271,lipin bor,0,RU,1540949444,100,60.26,37.97,268.824,7.52
272,los llanos de aridane,56,ES,1540947600,72,28.66,-17.92,293.15,2.6
273,sibolga,68,ID,1540949445,95,1.74,98.78,297.049,0.92
274,palabuhanratu,,,,,,,,
275,kot samaba,0,PK,1540949446,61,28.55,70.47,295.899,1.42
276,mahon,20,IE,1540947600,86,51.89,-8.4,277.15,3.6
277,cabo san lucas,20,MX,1540946700,57,22.89,-109.91,301.15,4.1
278,kouroussa,68,GN,1540949447,100,10.65,-9.88,293.899,2.12
279,deoband,0,IN,1540949447,82,29.69,77.68,293.299,2.07
280,cayenne,0,GF,1540947600,83,4.94,-52.33,300.15,2.6
281,teseney,20,ER,1540949448,87,15.11,36.66,292.499,1.32
282,port blair,0,IN,1540949448,94,11.67,92.75,303.424,8.42
283,acarau,,,,,,,,
284,inverell,0,AU,1540949449,69,-29.78,151.11,296.324,1.52
285,kautokeino,88,NO,1540949449,99,69.01,23.04,263.774,2.22
286,luanda,40,AO,1540944000,83,-8.83,13.24,298.15,0.5
287,pemberton,12,AU,1540949450,53,-34.44,116.03,292.899,4.22
288,chapais,90,CA,1540947600,86,49.78,-74.86,270.15,2.6
289,avarua,75,CK,1540947600,88,-21.21,-159.78,298.15,5.1
290,pavlivka,92,UA,1540949451,82,48.13,39.54,279.424,6.77
291,ikongo,20,MG,1540949452,89,-21.88,47.44,286.324,1.12
292,honningsvag,92,NO,1540949158,100,70.98,25.97,270.355,7.25
293,ostrovnoy,48,RU,1540949453,85,68.05,39.51,265.549,6.62
294,saskylakh,32,RU,1540949453,62,71.97,114.09,255.924,1.32
295,kahului,75,US,1540948500,77,20.89,-156.47,301.45,5.7
296,tabou,80,CI,1540949453,100,4.42,-7.36,299.174,4.22
297,chokurdakh,80,RU,1540949454,90,70.62,147.9,267.874,8.57
298,necochea,92,AR,1540949211,100,-38.55,-58.74,288.055,2.2
299,bollnas,92,SE,1540949455,96,61.35,16.39,283.149,3.87
300,one hundred mile house,,,,,,,,
301,sao filipe,12,CV,1540949455,99,14.9,-24.5,298.149,5.77
302,sept-iles,90,CA,1540947600,84,50.2,-66.38,273.15,1
303,petropavlovsk-kamchatskiy,40,RU,1540945800,86,53.05,158.65,278.15,1.62
304,husavik,56,CA,1540949456,97,50.56,-96.99,276.049,7.07
305,port hardy,90,CA,1540947600,93,50.7,-127.42,282.15,9.3
306,mishan,24,CN,1540949457,63,45.55,131.88,279.274,3.87
307,krasnoselkup,,,,,,,,
308,gazli,92,UZ,1540949457,36,40.13,63.45,281.874,2.42
309,kushmurun,,,,,,,,
310,baculin,0,PH,1540949458,81,7.45,126.58,302.274,3.17
311,narsaq,0,GL,1540947000,41,60.91,-46.05,267.15,3.1
312,marcona,,,,,,,,
313,gat,12,SN,1540944000,69,14.69,-16.54,298.15,2.1
314,paamiut,0,GL,1540949459,100,61.99,-49.67,271.674,11.52
315,hambantota,0,LK,1540949459,100,6.12,81.12,301.074,4.37
316,chumikan,0,RU,1540949460,76,54.72,135.31,278.224,2.77
317,araxa,24,BR,1540949460,91,-19.59,-46.94,293.324,3.67
318,sherlovaya gora,0,RU,1540949461,78,50.53,116.31,274.674,1.97
319,praia da vitoria,20,PT,1540947600,88,38.73,-27.07,292.15,8.37
320,ewa beach,90,US,1540947840,90,21.32,-158.01,298.75,1.5
321,kenai,1,US,1540947360,59,60.55,-151.26,275.95,3.1
322,teguise,20,ES,1540947600,68,29.06,-13.56,293.15,4.1
323,pevek,48,RU,1540949462,100,69.7,170.27,261.024,6.67
324,sao paulo de olivenca,8,BR,1540949463,85,-3.38,-68.87,299.549,0.92
325,sheltozero,0,RU,1540949463,100,61.37,35.37,271.024,8.07
326,brae,92,GB,1540947000,70,60.4,-1.35,279.15,5.7
327,qinzhou,0,CN,1540949464,44,21.96,108.62,297.774,6.17
328,arraial do cabo,76,BR,1540949464,94,-22.97,-42.02,295.399,6.47
329,irtyshskiy,76,RU,1540949465,77,58.33,68.13,267.024,5.07
330,airai,32,TL,1540949465,51,-8.93,125.41,303.049,0.42
331,humaita,40,AR,1540947600,57,-24.93,-65.37,299.15,2.6
332,derzhavinsk,48,KZ,1540949466,76,51.1,66.31,264.499,3.92
333,maharajganj,0,IN,1540949466,55,26.11,84.5,299.174,1.87
334,orlik,0,RU,1540949467,71,52.51,99.83,273.249,2.72
335,morondava,0,MG,1540949467,100,-20.3,44.28,291.774,1.62
336,gotsu,75,JP,1540944000,76,35.01,132.22,285.15,1.5
337,betong,68,MY,1540949468,84,5.77,101.07,300.549,1.87
338,chara,20,GR,1540947000,93,39.42,22.43,288.15,1.17
339,semey,44,KZ,1540949538,91,50.41,80.25,267.749,1.72
340,zhangye,0,CN,1540949470,64,38.94,100.46,280.499,3.02
341,fort wellington,92,GY,1540949470,97,6.4,-57.6,301.224,7.72
342,lesogorskiy,90,RU,1540948800,80,61.05,28.93,274.15,4.6
343,palmer,0,AU,1540947600,49,-34.85,139.16,295.15,6.7
344,orahovac,0,XK,1540947600,87,42.4,20.65,281.15,0.5
345,verkhniy rohachyk,24,UA,1540949472,100,47.25,34.34,283.424,4.92
346,san antonio del tachira,40,VE,1540947600,88,7.81,-72.44,299.15,1
347,oranjestad,20,AW,1540947600,74,12.52,-70.03,301.15,9.3
348,bogorodskoye,32,RU,1540949472,79,52.37,140.44,277.049,2.27
349,santiago de cao,75,PE,1540947600,88,-7.96,-79.24,291.15,4.6
350,natal,40,BR,1540947600,78,-5.81,-35.21,300.15,4.6
351,umm kaddadah,0,SD,1540949473,25,13.6,26.69,290.724,5.02
352,flinders,0,AU,1540944000,28,-34.58,150.85,300.15,2.6
353,berbera,,,,,,,,
354,grand-lahou,56,CI,1540949474,96,5.24,-5,297.724,1.82
355,quatre cocos,75,MU,1540947600,88,-20.21,57.76,297.15,5.1
356,ciras,,,,,,,,
357,hovd,40,NO,1540947000,65,63.83,10.7,280.15,12.9
358,touros,92,BR,1540949476,87,-5.2,-35.46,298.874,5.87
359,antofagasta,75,CL,1540947600,77,-23.65,-70.4,289.15,4.6
360,kasongo-lunda,68,CD,1540949476,96,-6.48,16.82,293.924,0.92
361,lai,0,CN,1540949477,29,27.82,91.75,282.074,0.47
362,mastic beach,1,US,1540948500,88,40.77,-72.85,280.35,4.12
363,herat,90,AF,1540947600,87,34.35,62.22,279.15,2.6
364,isangel,0,VU,1540949201,100,-19.55,169.27,296.605,6.65
365,olafsvik,,,,,,,,
366,candolim,0,IN,1540949478,100,15.52,73.76,298.524,4.57
367,nizhnyaya tavda,0,RU,1540949478,86,57.67,66.17,264.874,4.92
368,mount gambier,56,AU,1540949198,87,-37.83,140.78,288.605,1.55
369,weinan,0,CN,1540944000,75,34.5,109.46,278.15,1
370,tucuman,44,PE,1540949479,72,-17.17,-70.89,285.899,1.02
371,haines junction,44,CA,1540949480,92,60.75,-137.51,266.474,0.72
372,george town,75,MY,1540947600,78,5.42,100.33,301.15,2.1
373,vestmanna,100,FO,1540947000,80,62.16,-7.17,278.15,8.7
374,goundam,88,ML,1540949481,37,16.42,-3.66,300.974,5.82
375,anloga,20,GH,1540947600,88,5.79,0.9,300.15,2.6
376,vanimo,48,PG,1540949481,100,-2.67,141.3,300.724,5.17
377,bloomfield,90,US,1540948500,81,40.75,-92.42,284.15,5.7
378,dwarka,0,IN,1540945800,88,28.58,77.04,291.15,2.07
379,ahome,75,MX,1540946400,51,25.92,-109.18,301.15,3.1
380,chandler,20,US,1540947480,31,33.31,-111.84,300.15,4.6
381,shitanjing,0,CN,1540949483,34,39.23,106.34,280.924,1.42
382,kutum,0,SD,1540949483,23,14.2,24.66,286.749,4.67
383,ardon,90,RU,1540944000,100,43.18,44.31,281.15,2
384,san ramon,76,NI,1540949484,92,12.92,-85.84,294.299,0.92
385,ajdabiya,68,LY,1540949485,63,30.75,20.22,293.774,4.12
386,kuala terengganu,75,MY,1540947600,66,5.33,103.14,303.15,5.1
387,krasnyy chikoy,0,RU,1540949320,71,50.36,108.75,267.78,1.95
388,grand centre,,,,,,,,
389,amapa,40,HN,1540947600,88,15.09,-87.97,298.15,2.1
390,coihaique,0,CL,1540947600,78,-45.58,-72.07,278.15,2.1
391,nguiu,,,,,,,,
392,kushima,75,JP,1540944000,55,31.5,131.29,289.15,5.1
393,igarka,36,RU,1540949487,78,67.47,86.57,258.074,5.42
394,saint-malo,0,FR,1540947600,80,48.65,-2.02,282.15,3.6
395,kapit,68,MY,1540949488,87,2.02,112.94,299.749,0.62
396,mandali,0,IQ,1540949488,55,33.75,45.55,284.149,1.22
397,baykalsk,24,RU,1540949489,80,51.52,104.15,281.474,4.12
398,praia,40,BR,1540947600,77,-20.25,-43.81,294.15,4.6
399,saint-francois,80,FR,1540947600,93,46.42,3.91,275.15,0.5
400,izhma,76,RU,1540949490,90,65.01,53.91,273.074,4.32
401,dunedin,24,NZ,1540949490,57,-45.87,170.5,288.899,4.92
402,amderma,,,,,,,,
403,port hedland,0,AU,1540947600,48,-20.31,118.58,304.15,4.1
404,vilhena,24,BR,1540949491,95,-12.74,-60.15,296.299,0.87
405,jalingo,0,NG,1540949491,56,10.21,12.82,288.549,2.02
406,alta floresta,24,BR,1540949492,95,-9.87,-56.08,297.549,0.87
407,portland,90,US,1540947360,79,45.52,-122.67,285.95,1.5
408,svolvaer,40,NO,1540945200,100,68.23,14.57,273.15,3.1
409,saint-augustin,0,FR,1540947600,81,44.83,-0.61,281.15,2.1
410,mariental,8,DE,1540949493,71,52.28,10.99,280.974,8.17
411,gigmoto,0,PH,1540949493,87,13.78,124.39,303.249,5.57
412,kashi,,,,,,,,
413,point pedro,92,LK,1540949494,100,9.82,80.23,298.499,1.77
414,zernograd,92,RU,1540949494,81,46.84,40.3,282.374,8.07
415,grand gaube,75,MU,1540947600,88,-20.01,57.66,297.15,5.1
416,forio,0,IT,1540947300,100,40.73,13.86,285.15,3.67
417,gbarnga,88,LR,1540949495,99,7,-9.47,294.749,1.72
418,bilma,0,NE,1540949496,34,18.69,12.92,290.399,1.57
419,conceicao da barra,92,BR,1540949496,98,-18.59,-39.73,297.374,5.27
420,hommelvik,40,NO,1540947000,65,63.41,10.8,280.15,12.9
421,kununurra,12,AU,1540947600,39,-15.77,128.74,308.15,2.6
422,eldikan,,,,,,,,
423,jardim,0,BR,1540949497,74,-21.48,-56.15,299.024,3.57
424,cap malheureux,75,MU,1540947600,88,-19.98,57.61,297.15,5.1
425,padang,92,ID,1540949205,100,-0.92,100.36,299.23,1.3
426,mayo,90,CA,1540947600,92,63.59,-135.9,270.15,1.5
427,capitao poco,48,BR,1540949498,87,-1.75,-47.06,298.324,3.52
428,college,1,US,1540947480,83,64.86,-147.8,264.25,1.4
429,zhigansk,48,RU,1540949499,73,66.77,123.37,265.124,1.62
430,sumbawa,,,,,,,,
431,jumla,0,NP,1540949500,65,29.28,82.18,273.499,1.22
432,mutsamudu,,,,,,,,
433,talcahuano,75,CL,1540947600,67,-36.72,-73.12,287.15,4.6
434,kathmandu,20,NP,1540947000,93,27.71,85.32,284.15,1
435,egvekinot,80,RU,1540949501,92,66.32,-179.17,264.524,1.02
436,zaterechnyy,92,RU,1540949501,94,44.8,45.21,282.324,7.17
437,chuy,56,UY,1540949502,95,-33.69,-53.46,291.999,5.57
438,topolobampo,75,MX,1540946400,51,25.6,-109.05,301.15,3.1
439,prieska,0,ZA,1540949502,45,-29.67,22.74,279.149,2.42
440,ridgecrest,1,US,1540947360,13,35.62,-117.67,294.25,2.92
441,encruzilhada do sul,92,BR,1540949445,99,-30.54,-52.52,292.474,3.22
442,mendi,0,ET,1540949503,87,9.8,35.1,284.749,1.77
443,pacific grove,1,US,1540947300,55,36.62,-121.92,294.15,2.6
444,parangan,80,PH,1540949504,100,5.08,119.94,301.499,2.92
445,chimoio,0,MZ,1540949504,87,-19.11,33.48,287.299,0.97
446,suleja,0,NG,1540944000,83,9.18,7.18,298.15,1.5
447,oparino,20,RU,1540949505,89,59.85,48.28,265.174,2.12
448,alice springs,0,AU,1540947600,21,-23.7,133.88,306.15,3.6
449,veletma,,,,,,,,
450,vysokogornyy,80,RU,1540949506,73,50.1,139.13,273.274,1.42
451,lavrentiya,44,RU,1540949506,100,65.58,-170.99,273.899,4.57
452,homer,40,US,1540947180,75,59.64,-151.54,278.75,1.5
453,paita,76,PE,1540949507,84,-5.09,-81.11,292.524,3.27
454,katherine,0,AU,1540947600,41,-14.47,132.26,307.15,1.5
455,broome,0,GB,1540947360,93,52.47,1.45,277.15,5.1
456,namatanai,56,PG,1540949508,98,-3.66,152.44,302.549,2.67
457,tumut,0,AU,1540949508,40,-35.3,148.22,297.499,1.37
458,ejido,90,VE,1540944000,94,8.55,-71.24,293.15,0.62
459,san quintin,75,PH,1540947600,78,17.54,120.52,300.15,3.1
460,kilindoni,0,TZ,1540949509,100,-7.91,39.67,298.124,2.92
461,borovskoy,80,KZ,1540949250,65,53.8,64.15,270.53,4.1
462,belle glade,40,US,1540947300,60,26.68,-80.67,298.15,5.1
463,placido de castro,32,BR,1540949510,93,-10.34,-67.19,298.624,0.77
464,havre-saint-pierre,75,CA,1540947600,93,50.23,-63.6,275.15,1.5
465,bunda,64,TZ,1540949511,100,-2.02,33.87,292.224,1.27
466,brigantine,1,US,1540947600,76,39.41,-74.36,281.45,2.32
467,cabedelo,40,BR,1540947600,78,-6.97,-34.84,299.15,3.6
468,dicabisagan,0,PH,1540949511,91,17.08,122.42,301.049,7.37
469,lompoc,1,US,1540947360,60,34.64,-120.46,292.55,3.6
470,atar,0,MR,1540949512,51,20.52,-13.05,292.274,3.17
471,slevik,,,,,,,,
472,beian,75,NO,1540947000,65,63.66,9.57,280.15,13.4
473,nizhniy kuranakh,92,RU,1540949513,82,58.84,125.49,268.474,1.47
474,niny,92,RU,1540949513,99,44.49,43.95,283.824,3.22
475,alofi,12,NU,1540949289,96,-19.06,-169.92,300.98,4.45
476,tlahualilo,,,,,,,,
477,manyana,0,AU,1540944000,28,-35.26,150.51,300.15,2.6
478,la asuncion,68,EC,1540949515,100,-1.64,-78.74,280.149,1.07
479,astara,12,AZ,1540947600,100,38.42,48.87,279.15,0.87
480,tasiilaq,32,GL,1540947000,73,65.61,-37.64,270.15,1
481,surab,0,PK,1540949516,86,28.49,66.26,284.824,1.57
482,rancho palos verdes,5,US,1540947480,82,33.75,-118.37,295.15,3.6
483,cedar city,1,US,1540947180,42,37.68,-113.06,278.75,6.7
484,karaton,40,ID,1540947600,70,-6.34,106.1,302.15,4.1
485,independencia,5,MX,1540946640,73,20.06,-97.05,298.15,3.1
486,kaeo,0,NZ,1540949517,52,-35.1,173.78,292.999,6.17
487,upington,0,ZA,1540947600,47,-28.46,21.24,286.15,2.1
488,zenzeli,80,RU,1540949518,75,45.92,47.05,277.374,7.47
489,mehamn,88,NO,1540949518,94,71.03,27.85,268.924,7.77
490,yulara,75,AU,1540947600,33,-25.24,130.99,304.15,4.1
491,okhotsk,0,RU,1540949519,100,59.36,143.24,271.474,2.12
492,iberia,48,PE,1540949519,88,-11.41,-69.49,297.799,0.97
493,garissa,64,KE,1540949520,83,-0.46,39.64,296.824,3.27
494,akhalgori,0,GE,1540947600,75,42.13,44.48,281.15,1.5
495,khani,0,GE,1540947600,93,41.96,42.96,279.15,1.5
496,pangnirtung,56,CA,1540949521,100,66.15,-65.72,262.874,0.67
497,kirakira,8,SB,1540949521,100,-10.46,161.92,301.899,8.07
498,shemursha,0,RU,1540949521,74,54.89,47.52,262.474,1.22
499,camapua,8,BR,1540949522,88,-19.53,-54.04,296.174,1.37
500,mulchen,0,CL,1540949522,93,-37.72,-72.23,280.274,1.32
501,campestre,56,BR,1540949522,89,-21.71,-46.25,292.324,4.57
502,chaumont,0,FR,1540947600,87,48.11,5.14,274.15,2.6
503,guarapari,90,BR,1540947600,83,-20.67,-40.5,297.15,2.6
504,marawi,20,PH,1540949524,68,8,124.29,302.374,1.22
505,barkhan,0,PK,1540949524,76,29.9,69.52,284.249,1.17
506,bousso,,,,,,,,
507,hongjiang,0,CN,1540949525,56,27.21,109.83,294.674,1.67
508,ust-nera,80,RU,1540949525,85,64.57,143.24,260.824,1.17
509,qandala,0,SO,1540949525,100,11.47,49.87,287.674,1.07
510,malanje,92,AO,1540949526,94,-9.54,16.35,293.499,2.57
511,shu,0,KZ,1540949526,73,43.6,73.76,272.774,1.57
512,hervey bay,76,AU,1540949526,85,-25.3,152.85,297.899,4.52
513,mayskiy,90,RU,1540947600,93,43.63,44.06,281.15,3
514,coos bay,1,US,1540947360,86,43.37,-124.22,285.95,1.22
515,nanzhang,0,CN,1540949527,22,31.78,111.84,295.499,1.12
516,kitob,75,UZ,1540944000,87,39.12,66.88,281.15,2.1
517,sulangan,0,PH,1540949528,96,11.14,123.72,302.899,5.12
518,sioux falls,75,US,1540948500,62,43.55,-96.7,280.35,1.5
519,taseyevo,56,RU,1540949529,80,57.22,94.9,272.774,5.27
520,perigueux,0,FR,1540947600,93,45.18,0.72,278.15,1.5
521,bambanglipuro,0,ID,1540949530,56,-7.95,110.28,303.499,2.27
522,hasaki,75,JP,1540945800,54,35.73,140.83,288.15,1.5
523,bereda,48,ES,1540947600,87,43.27,-7.54,284.15,4.6
524,kruisfontein,64,ZA,1540949531,83,-34,24.73,287.474,6.92
525,gombong,12,ID,1540949531,57,-7.19,109.31,302.799,1.42
526,genhe,8,CN,1540949531,66,50.78,121.52,276.499,2.97
527,novobiryusinskiy,88,RU,1540949531,96,56.96,97.71,275.724,4.57
528,lodwar,0,KE,1540949532,81,3.12,35.6,294.574,1.62
529,urdzhar,,,,,,,,
530,pandan,64,PH,1540949532,97,11.72,122.09,302.374,4.37
531,qandahar,,,,,,,,
532,anicuns,20,BR,1540949533,86,-16.46,-49.96,294.624,2.77
533,jos,0,NG,1540949533,68,9.92,8.9,286.799,0.97
534,kaffrine,0,SN,1540944000,57,14.1,-15.55,299.15,3.1
535,batsfjord,92,NO,1540949485,100,70.63,29.72,272.549,10.02
536,camana,,,,,,,,
537,garden city,1,US,1540948500,62,40.73,-73.63,285.35,1.5
538,ukiah,1,US,1540947360,34,39.15,-123.21,292.05,2.6
539,okoneshnikovo,56,RU,1540949535,88,54.84,75.08,268.299,6.57
540,crab hill,,,,,,,,
541,khonuu,,,,,,,,
542,makakilo city,90,US,1540947840,90,21.35,-158.09,298.75,1.5
543,houma,0,CN,1540949536,30,35.63,111.36,289.574,1.67
544,abu samrah,0,SY,1540949536,71,35.3,37.18,277.324,0.87
545,lashio,92,MM,1540949537,99,22.93,97.75,290.399,1.12
546,oyama,75,JP,1540944000,67,36.31,139.8,287.15,1
547,pozo colorado,0,PY,1540949538,58,-23.49,-58.8,304.524,6.72
548,kirkland lake,90,CA,1540947600,69,48.15,-80.03,274.15,2.1
549,jackson,1,US,1540947360,83,35.61,-88.82,293.15,2.1
550,sataua,,,,,,,,
551,virginia beach,20,US,1540948800,86,36.85,-75.98,283.75,1.75
552,yarmouth,24,GB,1540947000,100,50.71,-1.5,274.15,1
553,kloulklubed,75,PW,1540947000,74,7.04,134.26,303.15,4.6
554,mildura,0,AU,1540949540,46,-34.18,142.16,302.524,2.12
555,ozgon,,,,,,,,
556,gizo,0,IL,1540947000,66,31.8,34.94,294.15,1.5
557,zigong,0,CN,1540949541,89,29.34,104.78,292.249,1.97
558,aporawan,,,,,,,,
559,pacifica,40,US,1540947540,64,37.61,-122.49,296.45,7.7
560,alice town,0,BS,1540949542,100,25.72,-79.3,299.624,8.07
561,inta,92,RU,1540949542,96,66.04,60.13,273.549,4.47
562,port hawkesbury,90,CA,1540947600,100,45.62,-61.36,281.15,4.1
563,tarauaca,44,BR,1540949543,90,-8.16,-70.77,298.549,1.32
564,amga,92,RU,1540949543,91,60.89,131.98,268.649,1.32
565,mnogovershinnyy,88,RU,1540949331,86,53.94,139.92,276.105,2.95
566,hedaru,80,TZ,1540949544,90,-4.5,37.91,291.749,1.72
567,oum hadjer,0,TD,1540949544,45,13.3,19.7,288.424,1.97
568,kjollefjord,88,NO,1540949545,94,70.95,27.35,268.924,7.77
569,coahuayana,32,MX,1540949545,77,18.62,-100.35,293.024,0.57
570,xinyang,0,CN,1540949545,34,32.13,114.07,294.899,1.97
571,nhulunbuy,40,AU,1540947600,59,-12.18,136.78,305.15,6.7
572,bolobo,88,CD,1540949546,100,-2.17,16.23,294.324,1.67
573,nelson bay,20,AU,1540947600,64,-32.72,152.14,297.15,4.1
574,contamana,12,PE,1540949547,92,-7.35,-75.01,298.424,0.72
575,chernyshevskiy,20,RU,1540949338,95,63.01,112.47,267.53,1.85
576,vieques,40,PR,1540947360,67,18.43,-65.83,300.95,2.6
577,port lincoln,8,AU,1540949291,72,-34.72,135.86,293.58,6
578,kamaishi,75,JP,1540944000,93,39.28,141.86,281.15,2.1
579,pinega,32,RU,1540949548,91,64.7,43.39,266.424,2.42
580,nizwa,0,OM,1540949548,86,22.93,57.53,290.149,1.32
581,orel,90,UA,1540947600,93,47.02,29.78,288.15,3.6
582,marsh harbour,8,BS,1540949549,100,26.54,-77.06,298.649,7.92
583,san patricio,80,PY,1540949549,98,-26.98,-56.83,294.324,1.72
584,meulaboh,8,ID,1540949550,100,4.14,96.13,300.749,1.52
585,bacuit,,,,,,,,
586,mariakani,40,KE,1540947600,94,-3.87,39.47,296.15,1.62
587,velsk,48,RU,1540949551,90,61.07,42.1,264.424,2.72
588,honiara,75,SB,1540947600,70,-9.43,159.96,305.15,6.2
589,vanavara,92,RU,1540949551,81,60.35,102.28,273.749,2.77
590,aitape,64,PG,1540949552,100,-3.15,142.36,299.549,2.12
591,ternate,40,PH,1540947600,84,14.29,120.72,304.15,5.1
592,camacha,40,PT,1540947600,63,33.08,-16.33,291.15,6.2
593,lake havasu city,1,US,1540947360,13,34.47,-114.34,298.15,5.7
594,pallasovka,0,RU,1540949553,88,50.04,46.89,266.824,5.37
595,sartell,1,US,1540948620,93,45.62,-94.21,279.15,4.07
596,mayumba,56,GA,1540949554,100,-3.44,10.65,298.174,5.12
597,wanning,0,AT,1540947000,86,48.64,13.53,277.15,0.5
598,peniche,40,PT,1540947600,81,39.36,-9.38,285.15,3.6
599,vardo,20,US,1540947600,70,39.62,-77.74,282.15,2.1
600,oulu,100,FI,1540947000,100,65.01,25.47,273.15,4.1
601,madisonville,1,US,1540947360,69,37.33,-87.5,292.55,4.1
